SECTOR_CODE,CD_NUMBER,CD_DATE,INBOUND_TYPE,ITEM_NUMBER,HS_CODE,QUANTITY,UNIT_PRICE,AMOUNT_USD,CURRENCY_CODE
PCS,010120071017002797,01/10/2007 00:00:00,NORMAL IMPORT 0615,SYN1311B,8517629900,700,18.99,13293,USD
PCS,010120071017034855,01/19/2007 00:00:00,NORMAL IMPORT 0615,SYN1509B,8517629900,600,18.99,11394,USD
PCS,020820071087068820,01/30/2007 00:00:00,NORMAL IMPORT 0615,SYN1685C,8517629900,700,11.64,8148,USD
PCS,020820071087068821,01/30/2007 00:00:00,NORMAL IMPORT 0615,SYN1685C,8517629900,400,11.64,4656,USD
PCS,020820071087053263,02/01/2007 00:00:00,NORMAL IMPORT 0615,SYN1822B,8517629900,300,13.47,4041,USD
PCS,020820071087053263,02/01/2007 00:00:00,NORMAL IMPORT 0615,SYN1822B,8517629900,400,13.47,5388,USD
PCS,020820071087069918,01/30/2007 00:00:00,NORMAL IMPORT 0615,SYN1855B,8517629900,400,13.47,5388,USD
PCS,020320071037073236,01/23/2007 00:00:00,NORMAL IMPORT 0615,SYN1764A,8517629900,750,12.296,9222,USD
PCS,020320071037073375,02/06/2007 00:00:00,NORMAL IMPORT 0615,4888735Y03,8517629900,3300,3.5298,11648.34,USD
PCS,020820071087052912,02/07/2007 00:00:00,NORMAL IMPORT 0615,SYN1853B,8517629900,400,13.47,5388,USD
PCS,010120071017048476,02/06/2007 00:00:00,NORMAL IMPORT 0615,SYN1673A,8517629900,324,35.0056,11341.8144,USD
PCS,010120071017054964,02/09/2007 00:00:00,NORMAL IMPORT 0615,SYN1853B,8517629900,1100,14.2782,15706.02,USD
PCS,010120071017054964,02/09/2007 00:00:00,NORMAL IMPORT 0615,SYN1822B,8517629900,1500,14.2782,21417.3,USD
PCS,010120071017054964,02/09/2007 00:00:00,NORMAL IMPORT 0615,SYN1711A,8517629900,1440,32.9978,47516.832,USD
PCS,010120071017054964,02/09/2007 00:00:00,NORMAL IMPORT 0615,SYN1509B,8517629900,400,20.1294,8051.76,USD
PCS,010120071017054964,02/09/2007 00:00:00,NORMAL IMPORT 0615,SYN1617B,8517629900,360,13.3136,4792.896,USD
PCS,010120071017054962,02/09/2007 00:00:00,NORMAL IMPORT 0615,SYN1841A,8517629900,15,75.92,1138.8,USD
PCS,010120071017054962,02/09/2007 00:00:00,NORMAL IMPORT 0615,SYN1843A,8517629900,35,75.92,2657.2,USD
PCS,020820071087084126,02/24/2007 00:00:00,NORMAL IMPORT 0615,SYN2007C,8517629900,690,11.42,7879.8,USD
PCS,020820071087084125,02/24/2007 00:00:00,NORMAL IMPORT 0615,SYN2008C,8517629900,470,11.55,5428.5,USD
PCS,020820071087083774,02/24/2007 00:00:00,NORMAL IMPORT 0615,SYN1685C,8517629900,850,11.64,9894,USD
PCS,020820071087084778,02/26/2007 00:00:00,NORMAL IMPORT 0615,SYN1855B,8517629900,250,13.47,3367.5,USD
PCS,020820071087087663,02/16/2007 00:00:00,NORMAL IMPORT 0615,SYN2007C,8517629900,500,11.42,5710,USD
PCS,020820071087087649,02/16/2007 00:00:00,NORMAL IMPORT 0615,SYN2008C,8517629900,620,11.55,7161,USD
PCS,020320071037073682,02/26/2007 00:00:00,NORMAL IMPORT 0615,SYN1509B,8517629900,100,20.1294,2012.94,USD
PCS,020820071087068630,03/06/2007 00:00:00,NORMAL IMPORT 0615,SYN1685C,8517629900,900,11.64,10476,USD
PCS,020320071037072673,03/13/2007 00:00:00,NORMAL IMPORT 0615,SYN1311C,8517629900,700,18.99,13293,USD
PCS,020320071037073527,03/16/2007 00:00:00,NORMAL IMPORT 0615,SYN1311C,8517629900,1000,20.1294,20129.4,USD
PCS,020320071037073376,03/01/2007 00:00:00,OVERSEA FINISH GOODS RETURN,IHF150FTD3,8517629900,-2,51.3956,-102.7912,USD
PCS,020820071087080467,03/18/2007 00:00:00,NORMAL IMPORT 0615,SYN1374C,8517629900,1350,11.64,15714,USD
PCS,010120071017072716,03/26/2007 00:00:00,NORMAL IMPORT 0615,SYN1509C,8517629900,300,18.99,5697,USD
PCS,020320071037070878,03/26/2007 00:00:00,NORMAL IMPORT 0615,SYN1509C,8517629900,2000,20.1294,40258.8,USD
PCS,020820071087071515,03/25/2007 00:00:00,NORMAL IMPORT 0615,SYN1855B,8517629900,200,13.47,2694,USD
PCS,010120071017079391,03/28/2007 00:00:00,NORMAL IMPORT 0615,4888735Y03,8517629900,6000,3.5298,21178.8,USD
PCS,010120071017072717,03/26/2007 00:00:00,NORMAL IMPORT 0615,SYN1711A,8517629900,180,30.8,5544,USD
PCS,020820071087099463,03/27/2007 00:00:00,NORMAL IMPORT 0615,SYN2008C,8517629900,180,11.55,2079,USD
PCS,020820071087099455,03/27/2007 00:00:00,NORMAL IMPORT 0615,SYN1685C,8517629900,275,11.64,3201,USD
PCS,020820071087099457,03/27/2007 00:00:00,NORMAL IMPORT 0615,SYN2007C,8517629900,300,11.42,3426,USD
PCS,020320071037070912,03/27/2007 00:00:00,NORMAL IMPORT 0615,SYN1853B,8517629900,400,14.2782,5711.28,USD
PCS,020320071037070912,03/27/2007 00:00:00,NORMAL IMPORT 0615,SYN1822B,8517629900,600,14.2782,8566.92,USD
PCS,020320071037070910,03/27/2007 00:00:00,NORMAL IMPORT 0615,SYN1439A,8517629900,15000,12.75,191250,USD
PCS,020320071037070936,04/05/2007 00:00:00,NORMAL IMPORT 0615,SYN1711A,8517629900,180,30.8,5544,USD
PCS,020820071087098539,04/08/2007 00:00:00,NORMAL IMPORT 0615,SYN1855B,8517629900,300,13.47,4041,USD
PCS,010120071017088528,04/10/2007 00:00:00,NORMAL IMPORT 0615,SYN1769B,8517629900,340,20.45,6953,USD
PCS,020820071087050052,04/09/2007 00:00:00,NORMAL IMPORT 0615,SYN1685C,8517629900,825,11.64,9603,USD
PCS,020820071087051092,04/16/2007 00:00:00,NORMAL IMPORT 0615,SYN1855B,8517629900,100,13.47,1347,USD
PCS,020320071037071169,04/12/2007 00:00:00,NORMAL IMPORT 0615,SYN1764A,8517629900,230,12.296,2828.08,USD
PCS,020320071037071165,04/12/2007 00:00:00,NORMAL IMPORT 0615,SYN1311C,8517629900,300,18.99,5697,USD
PCS,020820071087060731,04/18/2007 00:00:00,NORMAL IMPORT 0615,SYN1837A,8517629900,570,12.56,7159.2,USD
PCS,020820071087060731,04/18/2007 00:00:00,NORMAL IMPORT 0615,SYN1837A,8517629900,180,12.56,2260.8,USD
PCS,010120071017083802,04/17/2007 00:00:00,NORMAL IMPORT 0615,4888735Y03,8517629900,6000,3.4322,20593.2,USD
PCS,020320071037071092,04/19/2007 00:00:00,NORMAL IMPORT 0615,SYN1311C,8517629900,400,18.99,7596,USD
PCS,020320071037070880,03/26/2007 00:00:00,NORMAL IMPORT 0615,SYN0948E,8517629900,2300,28.96,66608,USD
PCS,020320071037071171,04/13/2007 00:00:00,NORMAL IMPORT 0615,SYN1626A,8517629900,540,23.3412,12604.248,USD
PCS,020320071037071171,04/13/2007 00:00:00,NORMAL IMPORT 0615,SYN1639A,8517629900,360,23.3412,8402.832,USD
PCS,020320071037071178,04/25/2007 00:00:00,NORMAL IMPORT 0615,SYN1711A,8517629900,1200,30.8,36960,USD
PCS,020320071037071233,05/08/2007 00:00:00,NORMAL IMPORT 0615,SYN1311C,8517629900,300,18.99,5697,USD
PCS,020320071037071207,05/08/2007 00:00:00,NORMAL IMPORT 0615,SYN0948E,8517629900,250,28.96,7240,USD
PCS,010120071017087053,05/04/2007 00:00:00,NORMAL IMPORT 0615,SYN1711A,8517629900,420,30.8,12936,USD
PCS,020320071037071007,04/10/2007 00:00:00,OVERSEA FINISH GOODS RETURN,EPNN7656A,8517629900,-7,65.3178,-457.2246,USD
PCS,010120071017102192,04/30/2007 00:00:00,NORMAL IMPORT 0615,SYN1685C,8517629900,300,9.43,2829,USD
PCS,020320071037073365,02/05/2007 00:00:00,OVERSEA FINISH GOODS RETURN,EPNN7656A,8517629900,-7,93.55,-654.85,USD
PCS,020820071087061281,05/08/2007 00:00:00,NORMAL IMPORT 0615,SYN1855B,8517629900,400,13.47,5388,USD
PCS,020820071087082138,05/15/2007 00:00:00,NORMAL IMPORT 0615,SYN1685C,8517629900,700,9.43,6601,USD
PCS,010120071017106728,05/15/2007 00:00:00,NORMAL IMPORT 0615,SYN1822B,8517629900,1027,14.2782,14663.7114,USD
PCS,010120071017106728,05/15/2007 00:00:00,NORMAL IMPORT 0615,SYN1509C,8517629900,600,20.1294,12077.64,USD
PCS,010120071017106728,05/15/2007 00:00:00,NORMAL IMPORT 0615,SYN1853B,8517629900,700,14.2782,9994.74,USD
PCS,010120071017106728,05/15/2007 00:00:00,NORMAL IMPORT 0615,SYN1855B,8517629900,300,14.2782,4283.46,USD
PCS,020320071037071422,05/14/2007 00:00:00,NORMAL IMPORT 0615,SYN1458A,8517629900,100,3.7,370,USD
PCS,020820071087070976,05/22/2007 00:00:00,NORMAL IMPORT 0615,SYN1439A,8517629900,2420,9.23,22336.6,USD
PCS,020820071087070976,05/22/2007 00:00:00,NORMAL IMPORT 0615,SYN1439A,8517629900,180,9.23,1661.4,USD
PCS,020320071037071548,05/24/2007 00:00:00,NORMAL IMPORT 0615,SYN1764A,8517629900,90,12.296,1106.64,USD
PCS,020320071037071645,05/23/2007 00:00:00,NORMAL IMPORT 0615,SYN1711A,8517629900,360,30.8,11088,USD
PCS,010120071017108260,05/18/2007 00:00:00,NORMAL IMPORT 0615,4888735Y03,8517629900,15000,3.4322,51483,USD
PCS,020820071087054653,05/28/2007 00:00:00,NORMAL IMPORT 0615,SYN1439A,8517629900,2800,9.23,25844,USD
PCS,010120071017086662,05/24/2007 00:00:00,NORMAL IMPORT 0615,4888735Y03,8517629900,30000,3.4322,102966,USD
PCS,020820071087079993,06/05/2007 00:00:00,NORMAL IMPORT 0615,SYN2007C,8517629900,100,9.28,928,USD
PCS,020320071037071572,06/01/2007 00:00:00,NORMAL IMPORT 0615,4888735Y03,8517629900,3000,3.4322,10296.6,USD
PCS,020320071037071567,06/01/2007 00:00:00,NORMAL IMPORT 0615,SYN0948E,8517629900,274,28.96,7935.04,USD
PCS,020820071087051553,06/12/2007 00:00:00,NORMAL IMPORT 0615,SYN1685C,8517629900,100,9.43,943,USD
PCS,020820071087051528,06/17/2007 00:00:00,NORMAL IMPORT 0615,SYN2007C,8517629900,90,9.28,835.2,USD
PCS,020820071087079625,06/24/2007 00:00:00,NORMAL IMPORT 0615,SYN1439A,8517629900,1440,9.23,13291.2,USD
PCS,020820071087079625,06/24/2007 00:00:00,NORMAL IMPORT 0615,SYN1439A,8517629900,2520,9.23,23259.6,USD
PCS,020820071087079625,06/24/2007 00:00:00,NORMAL IMPORT 0615,SYN1439A,8517629900,3500,9.23,32305,USD
PCS,020820071087079552,06/24/2007 00:00:00,NORMAL IMPORT 0615,SYN1439A,8517629900,1000,9.23,9230,USD
PCS,020320071037071710,06/18/2007 00:00:00,NORMAL IMPORT 0615,SYN0948E,8517629900,176,26.33,4634.08,USD
PCS,020820071087090858,07/02/2007 00:00:00,NORMAL IMPORT 0615,SYN2007C,8517629900,90,9.28,835.2,USD
PCS,020320071037087021,06/27/2007 00:00:00,NORMAL IMPORT 0615,SYN1626A,8517629900,360,23.3412,8402.832,USD
PCS,020320071037072953,07/04/2007 00:00:00,NORMAL IMPORT 0615,SYN1311C,8517629900,100,20.1294,2012.94,USD
PCS,020320071037072967,07/05/2007 00:00:00,NORMAL IMPORT 0615,SYN0948E,8517629900,248,26.33,6529.84,USD
PCS,020320071037071733,06/29/2007 00:00:00,OVERSEA FINISH GOODS RETURN,IHF150F0D3,8517629900,-1,42.8213,-42.8213,USD
PCS,010120071017127462,06/28/2007 00:00:00,NORMAL IMPORT 0615,SYN1711A,8517629900,32,32.9978,1055.9296,USD
PCS,010120071017127463,06/28/2007 00:00:00,NORMAL IMPORT 0615,4888735Y03,8517629900,30000,3.4322,102966,USD
PCS,020820071087078485,07/09/2007 00:00:00,NORMAL IMPORT 0615,SYN2035A,8517629900,9600,27.62,265152,USD
PCS,020820071087078486,07/09/2007 00:00:00,NORMAL IMPORT 0615,SYN2035A,8517629900,5400,27.62,149148,USD
PCS,020320071037073117,07/10/2007 00:00:00,NORMAL IMPORT 0615,SYN1374C,8517629900,1080,9.9958,10795.464,USD
PCS,020320071037073117,07/10/2007 00:00:00,NORMAL IMPORT 0615,SYN1855B,8517629900,200,12.2112,2442.24,USD
PCS,020320071037073117,07/10/2007 00:00:00,NORMAL IMPORT 0615,SYN1639A,8517629900,450,23.3412,10503.54,USD
PCS,020320071037073117,07/10/2007 00:00:00,NORMAL IMPORT 0615,SYN1311C,8517629900,200,20.1294,4025.88,USD
PCS,010120071017120561,06/14/2007 00:00:00,NORMAL IMPORT 0615,SYN1764A,8517629900,180,12.296,2213.28,USD
PCS,020820071087057880,07/15/2007 00:00:00,NORMAL IMPORT 0615,SYN2035A,8517629900,100,27.62,2762,USD
PCS,020820071087058115,07/17/2007 00:00:00,NORMAL IMPORT 0615,SYN1685C,8517629900,150,9.43,1414.5,USD
PCS,020320071037084647,07/16/2007 00:00:00,NORMAL IMPORT 0615,SYN0948E,8517629900,200,26.33,5266,USD
PCS,020320071037084723,07/26/2007 00:00:00,NORMAL IMPORT 0615,SYN1509C,8517629900,1800,20.1294,36232.92,USD
PCS,020820071087075784,07/25/2007 00:00:00,NORMAL IMPORT 0615,SYN2035A,8517629900,200,27.62,5524,USD
PCS,020820071087075024,07/29/2007 00:00:00,NORMAL IMPORT 0615,SYN1439A,8517629900,270,9.23,2492.1,USD
PCS,020820071087075024,07/29/2007 00:00:00,NORMAL IMPORT 0615,SYN1439A,8517629900,90,9.23,830.7,USD
PCS,020820071087094542,07/30/2007 00:00:00,NORMAL IMPORT 0615,SYN2007C,8517629900,90,9.28,835.2,USD
PCS,010120071017151922,07/25/2007 00:00:00,NORMAL IMPORT 0615,SYN1855B,8517629900,950,12.2112,11600.64,USD
PCS,020320071037041326,08/02/2007 00:00:00,NORMAL IMPORT 0615,SYN0948E,8517629900,256,26.33,6740.48,USD
PCS,020320071037041306,08/02/2007 00:00:00,NORMAL IMPORT 0615,4888735Y03,8517629900,24000,2.2027,52864.8,USD
PCS,020820071087094625,08/05/2007 00:00:00,NORMAL IMPORT 0615,SYN1439A,8517629900,90,9.23,830.7,USD
PCS,020820071087094625,08/05/2007 00:00:00,NORMAL IMPORT 0615,SYN1439A,8517629900,1710,9.23,15783.3,USD
PCS,020820071087094902,08/05/2007 00:00:00,NORMAL IMPORT 0615,SYN1439A,8517629900,4328,9.23,39947.44,USD
PCS,020820071087094899,08/05/2007 00:00:00,NORMAL IMPORT 0615,SYN1902A,8517629900,20,27.62,552.4,USD
PCS,020320071037041439,08/09/2007 00:00:00,NORMAL IMPORT 0615,SYN1853B,8517629900,801,12.2112,9781.1712,USD
PCS,020320071037041439,08/09/2007 00:00:00,NORMAL IMPORT 0615,SYN1855B,8517629900,600,13.824,8294.4,USD
PCS,020320071037041439,08/09/2007 00:00:00,NORMAL IMPORT 0615,SYN1374C,8517629900,1080,9.9958,10795.464,USD
PCS,020320071037041420,08/08/2007 00:00:00,NORMAL IMPORT 0615,SYN1764A,8517629900,400,11.448,4579.2,USD
PCS,020320071037041374,08/08/2007 00:00:00,NORMAL IMPORT 0615,SYN1711A,8517629900,1170,32.9978,38607.426,USD
PCS,020820071087136122,08/14/2007 00:00:00,NORMAL IMPORT 0615,SYN1685C,8517629900,450,9.43,4243.5,USD
PCS,010120071017166025,08/11/2007 00:00:00,NORMAL IMPORT 0615,4888735Y03,8517629900,81000,3.6294,293981.4,USD
PCS,010120071017163350,08/13/2007 00:00:00,NORMAL IMPORT 0615,SYN1854B,8517629900,4000,13.6366,54546.4,USD
PCS,020820071087136433,08/19/2007 00:00:00,NORMAL IMPORT 0615,SYN1439A,8517629900,90,9.23,830.7,USD
PCS,020320071037041514,08/13/2007 00:00:00,NORMAL IMPORT 0615,SYN1311C,8517629900,100,16.33,1633,USD
PCS,020320071037041532,08/13/2007 00:00:00,NORMAL IMPORT 0615,SYN0948E,8517629900,672,26.33,17693.76,USD
PCS,020320071037041362,08/08/2007 00:00:00,NORMAL IMPORT 0615,SYN1311C,8517629900,100,16.33,1633,USD
PCS,020820071087140569,08/28/2007 00:00:00,NORMAL IMPORT 0615,SYN2007C,8517629900,90,9.28,835.2,USD
PCS,020820071087140616,08/28/2007 00:00:00,NORMAL IMPORT 0615,SYN1439A,8517629900,360,9.23,3322.8,USD
PCS,020820071087140616,08/28/2007 00:00:00,NORMAL IMPORT 0615,SYN1439A,8517629900,350,9.23,3230.5,USD
PCS,020820071087140318,08/30/2007 00:00:00,NORMAL IMPORT 0615,SYN1439A,8517629900,4480,9.23,41350.4,USD
PCS,020320071037041742,08/27/2007 00:00:00,NORMAL IMPORT 0615,4888735Y03,8517629900,3000,3.6294,10888.2,USD
PCS,020320071037041674,08/22/2007 00:00:00,NORMAL IMPORT 0615,4888735Y03,8517629900,63000,3.6294,228652.2,USD
PCS,020820071087133229,09/04/2007 00:00:00,NORMAL IMPORT 0615,SYN2008C,8517629900,20,9.38,187.6,USD
PCS,020820071087133230,09/04/2007 00:00:00,NORMAL IMPORT 0615,SYN2008C,8517629900,400,9.38,3752,USD
PCS,020820071087133022,09/04/2007 00:00:00,NORMAL IMPORT 0615,SYN2007C,8517629900,90,9.28,835.2,USD
PCS,020820071087144339,09/10/2007 00:00:00,NORMAL IMPORT 0615,SYN2168A,8517629900,1040,17.83,18543.2,USD
PCS,020820071087144339,09/10/2007 00:00:00,NORMAL IMPORT 0615,SYN2168A,8517629900,2640,17.83,47071.2,USD
PCS,010120071017177664,09/06/2007 00:00:00,NORMAL IMPORT 0615,4888735Y03,8517629900,15000,3.6294,54441,USD
PCS,020820071087143902,09/16/2007 00:00:00,NORMAL IMPORT 0615,SYN1685C,8517629900,600,9.43,5658,USD
PCS,020320071037042021,09/07/2007 00:00:00,NORMAL IMPORT 0615,SYN1374C,8517629900,900,11.316,10184.4,USD
PCS,020320071037042021,09/07/2007 00:00:00,NORMAL IMPORT 0615,SYN1855B,8517629900,900,13.824,12441.6,USD
PCS,020320071037042026,09/07/2007 00:00:00,NORMAL IMPORT 0615,SYN0948E,8517629900,672,26.33,17693.76,USD
PCS,020820071087143548,09/18/2007 00:00:00,NORMAL IMPORT 0615,SYN1822B,8517629900,600,11.21,6726,USD
PCS,020820071087134349,09/18/2007 00:00:00,NORMAL IMPORT 0615,SYN2168A,8517629900,320,17.83,5705.6,USD
PCS,020820071087134326,09/18/2007 00:00:00,NORMAL IMPORT 0615,SYN1902A,8517629900,200,27.62,5524,USD
PCS,010120071017179299,09/11/2007 00:00:00,NORMAL IMPORT 0615,SYN1711A,8517629900,480,37.356,17930.88,USD
PCS,010120071017186584,09/12/2007 00:00:00,NORMAL IMPORT 0615,4888735Y03,8517629900,21000,3.6294,76217.4,USD
PCS,010120071017179839,09/12/2007 00:00:00,NORMAL IMPORT 0615,SYN1902A,8517629900,5000,28.6419,143209.5,USD
PCS,010120071017186586,09/12/2007 00:00:00,NORMAL IMPORT 0615,SYN2168A,8517629900,2520,21.396,53917.92,USD
PCS,020820071087149144,09/26/2007 00:00:00,NORMAL IMPORT 0615,SYN1439A,8517629900,180,9.23,1661.4,USD
PCS,020820071087149144,09/26/2007 00:00:00,NORMAL IMPORT 0615,SYN1439A,8517629900,1980,9.23,18275.4,USD
PCS,020820071087149144,09/26/2007 00:00:00,NORMAL IMPORT 0615,SYN1439A,8517629900,1350,9.23,12460.5,USD
PCS,020320071037042442,09/30/2007 00:00:00,NORMAL IMPORT 0615,SYN1976A,8517629900,2016,18.8988,38099.9808,USD
PCS,020820071087148953,10/07/2007 00:00:00,NORMAL IMPORT 0615,SYN1439A,8517629900,3970,9.23,36643.1,USD
PCS,020820071087149013,10/07/2007 00:00:00,NORMAL IMPORT 0615,SYN1439A,8517629900,990,9.23,9137.7,USD
PCS,010120071017190205,09/19/2007 00:00:00,NORMAL IMPORT 0615,SYN2168A,8517629900,2040,21.396,43647.84,USD
PCS,010120071017199506,09/26/2007 00:00:00,NORMAL IMPORT 0615,4888735Y03,8517629900,30000,3.6294,108882,USD
PCS,010120071017202265,10/03/2007 00:00:00,NORMAL IMPORT 0615,4888735Y03,8517629900,24000,3.9333,94399.2,USD
PCS,020820071087150572,10/14/2007 00:00:00,NORMAL IMPORT 0615,SYN1685C,8517629900,360,9.43,3394.8,USD
PCS,020820071087150904,10/14/2007 00:00:00,NORMAL IMPORT 0615,SYN2007C,8517629900,100,9.28,928,USD
PCS,010120071017216089,10/12/2007 00:00:00,NORMAL IMPORT 0615,SYN1509C,8517629900,400,19.596,7838.4,USD
PCS,020820071087135470,10/22/2007 00:00:00,NORMAL IMPORT 0615,SYN1685C,8517629900,60,9.43,565.8,USD
PCS,020820071087135556,10/22/2007 00:00:00,NORMAL IMPORT 0615,SYN1439A,8517629900,90,9.23,830.7,USD
PCS,020820071087135556,10/22/2007 00:00:00,NORMAL IMPORT 0615,SYN1439A,8517629900,180,9.23,1661.4,USD
PCS,020320071037125345,10/25/2007 00:00:00,NORMAL IMPORT 0615,SYN1853B,8517629900,5000,13.824,69120,USD
PCS,020320071037125354,10/25/2007 00:00:00,NORMAL IMPORT 0615,SYN1902A,8517629900,3500,28.6419,100246.65,USD
PCS,020320071037122419,10/16/2007 00:00:00,NORMAL IMPORT 0615,4888735Y03,8517629900,30000,3.9333,117999,USD
PCS,020320071037121941,10/22/2007 00:00:00,NORMAL IMPORT 0615,4888735Y03,8517629900,42000,3.9333,165198.6,USD
PCS,020320071037117419,09/10/2007 00:00:00,NORMAL IMPORT 0615,4888735Y03,8517629900,101,2.13,215.13,USD
PCS,020820071087145136,10/29/2007 00:00:00,NORMAL IMPORT 0615,SYN1685C,8517629900,500,9.43,4715,USD
PCS,020820071087145144,10/29/2007 00:00:00,NORMAL IMPORT 0615,SYN2007C,8517629900,120,9.28,1113.6,USD
PCS,020320071037115668,11/02/2007 00:00:00,NORMAL IMPORT 0615,SYN0948E,8517629900,224,26.33,5897.92,USD
PCS,020820071087145085,10/29/2007 00:00:00,NORMAL IMPORT 0615,SYN1439A,8517629900,4140,9.23,38212.2,USD
PCS,020820071087145083,10/29/2007 00:00:00,NORMAL IMPORT 0615,SYN1439A,8517629900,540,9.23,4984.2,USD
PCS,020820071087145083,10/29/2007 00:00:00,NORMAL IMPORT 0615,SYN1439A,8517629900,720,9.23,6645.6,USD
PCS,020820071087145085,10/29/2007 00:00:00,NORMAL IMPORT 0615,SYN1439A,8517629900,230,9.23,2122.9,USD
PCS,020820071087145509,11/01/2007 00:00:00,NORMAL IMPORT 0615,SYN1902A,8517629900,420,28.6419,12029.598,USD
PCS,010120071017229793,10/30/2007 00:00:00,NORMAL IMPORT 0615,SYN1509C,8517629900,400,19.596,7838.4,USD
PCS,020320071037111176,11/08/2007 00:00:00,NORMAL IMPORT 0615,SYN2126A,8517629900,1500,35.87,53805,USD
PCS,020820071087146163,11/12/2007 00:00:00,NORMAL IMPORT 0615,SYN2168B,8517629900,2000,17.83,35660,USD
PCS,010120071017233429,11/09/2007 00:00:00,NORMAL TRADE,SYN1509C,8517629900,500,15.82,7910,USD
PCS,020320071037115828,11/13/2007 00:00:00,NORMAL IMPORT 0615,4888735Y03,8517629900,5500,3.9333,21633.15,USD
PCS,020320071037115735,11/07/2007 00:00:00,NORMAL IMPORT 0615,4888735Y03,8517629900,9000,3.9333,35399.7,USD
PCS,020320071037115743,11/07/2007 00:00:00,NORMAL IMPORT 0615,4888735Y03,8517629900,6000,3.9333,23599.8,USD
PCS,020320071037110102,11/14/2007 00:00:00,NORMAL IMPORT 0615,SYN2162A,8517629900,7000,9.3,65100,USD
PCS,020320071037110145,11/21/2007 00:00:00,NORMAL IMPORT 0615,SYN1311C,8517629900,88,16.93,1489.84,USD
PCS,020320071037110145,11/21/2007 00:00:00,NORMAL IMPORT 0615,SYN1311C,8517629900,3100,16.93,52483,USD
PCS,020320071037110146,11/21/2007 00:00:00,NORMAL IMPORT 0615,SYN2162A,8517629900,8500,9.3,79050,USD
PCS,020820071087160711,11/22/2007 00:00:00,NORMAL IMPORT 0615,SYN1971B,8517629900,4200,10.62,44604,USD
PCS,010120071017239268,11/16/2007 00:00:00,NORMAL IMPORT 0615,SYN1902A,8517629900,200,33.144,6628.8,USD
PCS,020820071087161697,11/28/2007 00:00:00,NORMAL IMPORT 0615,SYN1971B,8517629900,4000,10.62,42480,USD
PCS,020320071037120831,11/19/2007 00:00:00,NORMAL IMPORT 0615,4888735Y03,8517629900,9000,3.9333,35399.7,USD
PCS,020320071037120832,11/19/2007 00:00:00,NORMAL IMPORT 0615,SYN2168B,8517629900,5600,21.396,119817.6,USD
PCS,010120071017223129,11/26/2007 00:00:00,NORMAL IMPORT 0615,SYN2434B,8517629900,500,18.72,9360,USD
PCS,020320071037109581,12/03/2007 00:00:00,NORMAL IMPORT 0615,SYN1854B,8517629900,15000,14.2484,213726,USD
PCS,020320071037125352,10/25/2007 00:00:00,NORMAL IMPORT 0615,SYN1711A,8517629900,100,36.96,3696,USD
PCS,020320071037125352,10/25/2007 00:00:00,NORMAL IMPORT 0615,SYN1711A,8517629900,80,36.96,2956.8,USD
PCS,020320071037110145,11/21/2007 00:00:00,NORMAL IMPORT 0615,SYN1311C,8517629900,12,16.93,203.16,USD
PCS,020820071087164368,12/04/2007 00:00:00,NORMAL IMPORT 0615,SYN2007C,8517629900,200,9.28,1856,USD
PCS,020820071087164367,12/04/2007 00:00:00,NORMAL IMPORT 0615,SYN1685C,8517629900,1000,9.43,9430,USD
PCS,020320071037109751,12/06/2007 00:00:00,NORMAL IMPORT 0615,4888735Y03,8517629900,6000,3.9333,23599.8,USD
PCS,020820071087163670,12/09/2007 00:00:00,NORMAL IMPORT 0615,4888735Y03,8517629900,24000,2.1507,51616.8,USD
PCS,020320071037113505,12/07/2007 00:00:00,NORMAL IMPORT 0615,SYN2126A,8517629900,500,35.87,17935,USD
PCS,020820071087163780,12/11/2007 00:00:00,NORMAL IMPORT 0615,SYN1902A,8517629900,360,24.63,8866.8,USD
PCS,020820071087163780,12/11/2007 00:00:00,NORMAL IMPORT 0615,SYN1902A,8517629900,140,24.63,3448.2,USD
PCS,020820071087164747,12/11/2007 00:00:00,NORMAL IMPORT 0615,SYN1439A,8517629900,180,9.23,1661.4,USD
PCS,020320071037112882,12/13/2007 00:00:00,NORMAL IMPORT 0615,SYN1902A,8517629900,2500,33.144,82860,USD
PCS,020320071037112987,12/17/2007 00:00:00,NORMAL IMPORT 0615,SYN1976A,8517629900,576,18.8988,10885.7088,USD
PCS,020320071037112986,12/17/2007 00:00:00,NORMAL IMPORT 0615,4888735Y03,8517629900,9000,3.9333,35399.7,USD
PCS,020320071037123222,12/20/2007 00:00:00,NORMAL IMPORT 0615,SYN1416B,8517629900,20003,14.86,297244.58,USD
PCS,020820071087165808,12/18/2007 00:00:00,NORMAL IMPORT 0615,SYN1439A,8517629900,450,9.23,4153.5,USD
PCS,020820071087167869,12/26/2007 00:00:00,NORMAL IMPORT 0615,SYN1439A,8517629900,3600,9.23,33228,USD
PCS,020820071087167869,12/26/2007 00:00:00,NORMAL IMPORT 0615,SYN1439A,8517629900,900,9.23,8307,USD
PCS,020820071087167016,12/27/2007 00:00:00,NORMAL IMPORT 0615,SYN1685C,8517629900,900,9.43,8487,USD
PCS,010120071017254694,12/20/2007 00:00:00,NORMAL IMPORT 0615,4888735Y03,8517629900,3000,3.9333,11799.9,USD
PCS,010120071017254693,12/20/2007 00:00:00,NORMAL IMPORT 0615,SYN2487A,8517629900,552,23.14,12773.28,USD
PCS,010120071017249675,12/22/2007 00:00:00,NORMAL IMPORT 0615,SYN2305B,8517629900,1000,18.27,18270,USD
PCS,010120071017249676,12/22/2007 00:00:00,NORMAL IMPORT 0615,SYN2305B,8517629900,1000,18.27,18270,USD
PCS,020320071037132288,12/28/2007 00:00:00,NORMAL IMPORT 0615,SYN1843A,8517629900,20,78.729,1574.58,USD
PCS,020320071037132288,12/28/2007 00:00:00,NORMAL IMPORT 0615,SYN1841A,8517629900,6,78.729,472.374,USD
PCS,020820081088053690,01/02/2008 00:00:00,NORMAL IMPORT 0615,SYN1711A,8517629900,1440,30.8,44352,USD
PCS,020320071037132236,12/28/2007 00:00:00,NORMAL IMPORT 0615,SYN0948E,8517629900,32,26.33,842.56,USD
PCS,010120071017266580,12/25/2007 00:00:00,NORMAL IMPORT 0615,SYN2487A,8517629900,312,23.14,7219.68,USD
PCS,020320071037126054,11/08/2007 00:00:00,OVERSEA FINISH GOODS RETURN,IHF150F0D3,8517629900,-37,42.3302,-1566.2174,USD
PCS,020320071037126054,11/08/2007 00:00:00,OVERSEA FINISH GOODS RETURN,IHF150F0E3,8517629900,-10,40.5366,-405.366,USD
PCS,020320071037126054,11/08/2007 00:00:00,OVERSEA FINISH GOODS RETURN,IHF150FTD3,8517629900,-51,41.8733,-2135.5383,USD
PCS,010120071017254867,12/21/2007 00:00:00,NORMAL IMPORT 0615,SYN1821B,8517629900,38,13.54,514.52,USD
PCS,010120071017254867,12/21/2007 00:00:00,NORMAL IMPORT 0615,SYN1821B,8517629900,-38,13.54,-760.4605448,EUR
PCS,010120071017254867,12/21/2007 00:00:00,NORMAL IMPORT 0615,SYN1821B,8517629900,38,13.54,760.4605448,EUR
PCS,020320081038047535,01/13/2008 00:00:00,NORMAL IMPORT 0615,4888735Y03,8517629900,9000,3.4496,31046.4,USD
PCS,020320081038047703,01/17/2008 00:00:00,NORMAL IMPORT 0615,SYN1976A,8517629900,40,18.8988,755.952,USD
PCS,010120071017254938,12/28/2007 00:00:00,NORMAL IMPORT 0615,4888735Y03,8517629900,42000,3.4496,144883.2,USD
PCS,020320081038054839,01/11/2008 00:00:00,NORMAL IMPORT 0615,SYN1841A,8517629900,12,78.729,944.748,USD
PCS,020320081038054841,01/11/2008 00:00:00,NORMAL IMPORT 0615,4888735Y03,8517629900,36000,3.4496,124185.6,USD
PCS,010120071017228816,11/30/2007 00:00:00,NORMAL IMPORT 0615,SYN1821B,8517629900,5000,13.54,67700,USD
PCS,010120081018038675,01/25/2008 00:00:00,NORMAL IMPORT 0615,SYN1976A,8517629900,200,18.8988,3779.76,USD
PCS,020320081038050325,02/04/2008 00:00:00,NORMAL IMPORT 0615,SYN1976A,8517629900,400,18.8988,7559.52,USD
PCS,010120081018064613,03/09/2008 00:00:00,NORMAL IMPORT 0615,4888735Y03,8517629900,18000,3.4496,62092.8,USD
PCS,020320081038038880,03/20/2008 00:00:00,NORMAL IMPORT 0615,4888735Y03,8517629900,24000,3.4496,82790.4,USD
PCS,020320081038038975,03/21/2008 00:00:00,NORMAL IMPORT 0615,4888735Y03,8517629900,30000,3.4496,103488,USD
PCS,020320081038061166,03/26/2008 00:00:00,NORMAL IMPORT 0615,SYN1976A,8517629900,600,18.8988,11339.28,USD
PCS,010120081018054203,03/27/2008 00:00:00,NORMAL IMPORT 0615,SYN1976A,8517629900,1000,18.8988,18898.8,USD
PCS,010120081018083807,04/15/2008 00:00:00,NORMAL IMPORT 0615,SYN1976A,8517629900,500,18.8988,9449.4,USD
PCS,020820081088042994,05/03/2008 00:00:00,NORMAL IMPORT 0615,SYN1716E,8517629900,210,19.39,4071.9,USD
PCS,020320081038025799,05/22/2008 00:00:00,NORMAL IMPORT 0615,4888735Y03,8517629900,15000,3.3487,50230.5,USD
PCS,020320081038025076,06/02/2008 00:00:00,NORMAL IMPORT 0615,4888735Y03,8517629900,30000,3.3487,100461,USD
PCS,020320081038025658,05/26/2008 00:00:00,NORMAL IMPORT 0615,4888735Y03,8517629900,9000,3.3487,30138.3,USD
